,Accuracy,Precision,Recall,F1-score,AUC-ROC
Logistic Regression,0.8208994708994709,0.8062638094594928,0.8208994708994709,0.7992779013530456,0.7717314431347564
Random Forest,0.8132275132275132,0.7959724636609983,0.8132275132275132,0.7952166805319294,0.7761261548263778
Gradient Boosting,0.8227513227513228,0.8085027456991672,0.8227513227513228,0.8024570583979703,0.7982470532016566
Neural Network,0.7976190476190477,0.7749555185357968,0.7976190476190477,0.7756732370214339,0.7270691302962727
FinPT-like Model,0.7865079365079365,0.7759161686753144,0.7865079365079365,0.7166615013092651,0.7385477062758841
