,Accuracy,Precision,Recall,F1-score,AUC-ROC
Logistic Regression,0.8636741479634248,0.8562954329702087,0.8636741479634248,0.8540731037517354,0.8634093447228735
Random Forest,0.9296203934607925,0.9323939230633317,0.9296203934607925,0.9252628949395839,0.9176182737401516
Gradient Boosting,0.9243557772236076,0.9272153957307478,0.9243557772236076,0.9193271860757026,0.9192339551791493
Neural Network,0.9085619285120532,0.9060356236445296,0.9085619285120532,0.9049224502754958,0.8986555367172059
FinPT-like Model,0.7883070102521474,0.7885513877712926,0.7883070102521474,0.7046054737724585,0.7491502462055147
